Question,Base Model Output,Fine-Tuned Model Output
What is the company work from home policy?,"### Instruction:
What is the company work from home policy?
### Response:
I am not sure what the company work from home policy is.

A:

The company work from home policy is the work of the company. 
The company work from home policy is the work of the company. 
The company work from home policy is the work of the company. 
The company work from home policy is the work of the company. 
The company work from home policy is the work of the company. 
The company work from home policy is the work of the company. 
The company work from home policy is the work of the","### Instruction:
What is the company work from home policy?
### Response:
Employees are allowed to work from home up to six days per week, including business hours and holidays. Employees are expected to work from home for at least one week per year. Employees are not allowed to work past business hours. Employees are not allowed to work past business hours without prior approval of the company security team. Employees are not allowed to work past business hours without prior approval of the company security team. Employees are not allowed to work past business hours without prior approval of the company security team. Employees are not allowed to work past business hours without prior approval of the company security team. Employees are"
How do I reset my company email password?,"### Instruction:
How do I reset my company email password?
### Response:
I'm trying to reset my company email password.

A:

You can use the following command to reset your company email password:

$ sudo /etc/init.d/mysql restart

This will reset your company email password.

A:

You can use the following command to reset your company email password:

$ sudo /etc/init.d/mysql restart

This will reset your company email password.

A:

You can use the following command to reset your company email password:

$ sudo /","### Instruction:
How do I reset my company email password?
### Response:
Email your email address and log in to receive notifications of updates. You can also log in using the log-in or log into your company account to find more information.

### Tip Information Request Form
Email your email address and log in to receive notifications of updates. You can also log in using the log-in or log into your company account to find more information.

### Tip Information Request Form
Email your email address and log in to receive notifications of updates. You can also log in using the log-in or log into your company account to find more information.

"
What is the password policy?,"### Instruction:
What is the password policy?
### Response:
The password policy is a set of rules that govern the behavior of a password
policy. The password policy is defined in the Password Policy
Model.

### Description:
The password policy is a set of rules that govern the behavior of a password
policy. The password policy is defined in the Password Policy
Model.

### Example:
The password policy is defined in the Password Policy
Model.

### Example:
The password policy is defined in the Password Policy
Model.

### Description:
The password policy is defined in the Password Policy
Model.","### Instruction:
What is the password policy?
### Response:
Passwords must be at least 8 characters long and must contain at least 10 digits. Passwords must be private or confidential. Passwords must be private and must be posted securely. Passwords must be posted securely and must be private. Passwords must be posted securely and must be posted only after they are private. Passwords must be posted securely and must be posted only after they are private.

### Warning: Passwords may be private and may be posted without inspection. Passwords may be posted without inspection and may be posted without posting.

### Enforcement:
Passwords may be"
How are performance reviews conducted?,"### Instruction:
How are performance reviews conducted?
### Response:
The response is very positive.

### Recommendation:
The recommendation is very good.

### Recommendation:
The recommendation is very good.

### Recommendation:
The recommendation is very good.

### Recommendation:
The recommendation is very good.

### Recommendation:
The recommendation is very good.

### Recommendation:
The recommendation is very good.

### Recommendation:
The recommendation is very good.

### Recommendation:
The recommendation is very good.

### Recommendation:
The recommendation is","### Instruction:
How are performance reviews conducted?
### Response:
Performance reviews are conducted by using an interpretive approach, while written comments are reviewed byァンププトンディングスムエンディングスムエンディングスムエンディングスムエンディングスムエンディングスムエンディングスムエンディングスムエンディングスムエンディングスムエンディングスムエンディングスムエンディングスムエンディングスムエ"
What should employees do if they receive a phishing email?,"### Instruction:
What should employees do if they receive a phishing email?
### Response:
If you have a phishing email, you should send it to the person who sent it.

### Response:
If you have a phishing email, you should send it to the person who sent it.

### Response:
If you have a phishing email, you should send it to the person who sent it.

### Response:
If you have a phishing email, you should send it to the person who sent it.

### Response:
If you have a phishing email, you should send it to the person who sent it.
","### Instruction:
What should employees do if they receive a phishing email?
### Response:
Employees should receive a phishing email with the subject line and include the email address and password. Employees should avoid posting the email address and password for suspicious activity. Employees should avoid posting the email address and password for suspicious activity. Employees should avoid posting the email address and password for suspicious activity. Employees should avoid posting the email address and password for suspicious activity. Employees should avoid posting the email address and password for suspicious activity. Employees should avoid posting the email address and password for suspicious activity. Employees should avoid posting the email address and password for suspicious activity. Employees should avoid posting the email address and password"
What is the probation period for new employees?,"### Instruction:
What is the probation period for new employees?
### Response:
Yes, it is a probation period.

### Question:
What is the probation period for new employees?
### Answer:
The probation period is a probationary period.

### Question:
What is the probation period for new employees?
### Answer:
The probation period is a probationary period.

### Question:
What is the probation period for new employees?
### Answer:
The probation period is a probationary period.

### Question:
What is the probation period for new employees?
### Answer:
The probation period is a","### Instruction:
What is the probation period for new employees?
### Response:
The probation period for new employees is six months. The probation period for permanent employees is six months. The probation period for current employees is six months. The probation period for permanent employees is six months.

### Reminder:
Employees are eligible for the probation period for new employees if they have worked for more than six months in the previous six months. The probation period for permanent employees is six months.

### Contact information:
Employees are eligible for the probation period for new employees if they have worked for more than six months in the previous six months. The probation period for"
How are production incidents handled?,"### Instruction:
How are production incidents handled?
### Response:
The response is a list of the incidents that have been reported to the
[Service] and the [Service] has the appropriate policies to handle them.

### Response:
The response is a list of the incidents that have been reported to the
[Service] and the [Service] has the appropriate policies to handle them.

### Response:
The response is a list of the incidents that have been reported to the
[Service] and the [Service] has the appropriate policies to handle them.

### Response:
The response is a list of the incidents that","### Instruction:
How are production incidents handled?
### Response:
Production incidents are logged and handled according to established production rules. Investigations are conducted by the senior management team and reports are confidential. Investigations are conducted by the senior management team and reports are confidential. Investigations are conducted by the senior management team and reports are confidential. Investigations are conducted by the senior management team and reports are confidential. Investigations are conducted by the senior management team and reports are confidential. Investigations are conducted by the senior management team and reports are confidential. Investigations are conducted by the senior management team and reports are confidential. Investigations are conducted by the senior management team and reports are confidential. Investigations are conducted by"
